,A,B,C,D
2000-01-01,-0.8033046012126972,1.5530425865224786,0.6379822746738764,-0.400978706584387
2000-01-02,-2.164922316599718,0.16458132242136836,1.3503551516368217,-0.6733375829531858
2000-01-03,-2.9847550788824506,-1.0025591278308439,1.5903429024883637,-0.8596047381007992
2000-01-04,-3.2021892055526173,-1.1290479733118348,3.746135840769295,-1.0448987338430191
2000-01-05,-2.203639618501314,-0.8525408266602613,4.056705680386325,-1.1680281472812455
2000-01-06,-0.7479782657089469,-1.2405483906593662,4.610926451351711,-1.1974783011120809
2000-01-07,-0.43196739294843817,-1.921318990779186,3.1885837228265625,0.0549670792138266
2000-01-08,-1.2789698969428969,-2.7854501959973037,4.075736390713749,0.0940053621257132
2000-01-09,-3.3624202310037474,-2.038030203944392,4.543391918067001,-1.0014944297730328
2000-01-10,-1.8032462917392695,0.5475214935346928,4.046166274139278,-1.322962938888917
2000-01-11,-1.7502833135171638,0.5865193909762344,2.819270031093818,1.09973904672585
2000-01-12,0.6821810391556378,1.1992104754464485,0.9517314996103543,2.5274882961345604
2000-01-13,0.3024415933121885,0.5305487671634168,-0.794967148966089,3.305119307918117
2000-01-14,-0.46646540548761756,0.1314233150012623,-1.648651571772489,3.7612399077629073
2000-01-15,-1.6492233531119873,-0.2753195371385049,-0.5126282099722865,4.2671213398965415
2000-01-16,-1.811278878268507,0.6103077705070857,-0.37400131199275277,3.4661478095144553
2000-01-17,-2.56032765123497,1.2195961738775911,-0.7289860070102063,3.574060958705987
2000-01-18,-2.0651805426843857,0.22108238654506662,0.5037935406019107,3.560340231845415
2000-01-19,-2.789295682585781,-0.6531835585562673,2.66036747875061,4.999653176628904
2000-01-20,-4.120233204112361,0.020614475824730527,3.58695753950731,4.9058409434410075
2000-01-21,-4.228455137825349,-1.5321395059122573,2.571051075789006,3.993972880707514
2000-01-22,-3.7428729013176083,-1.6616086069294833,5.03419548033167,4.618558878106755
2000-01-23,-4.145800989009065,-0.44693283025108554,4.048975333037269,1.580283379110921
2000-01-24,-3.5333072901962748,1.0910021110078822,3.9142782810565144,1.2240235593876283
2000-01-25,-1.8923890833861556,1.4796346229886777,4.933426051706395,2.744261881617515
2000-01-26,-0.5882690700784983,1.9105542285900787,5.48193111092542,1.2989361241637614
2000-01-27,-0.06295295081166463,1.503953461494238,4.789397954414704,1.6002573139818268
2000-01-28,-0.3838868473582871,1.202707332238338,5.02469304720082,0.8705429495636058
2000-01-29,0.6795791582860129,3.5119054172258353,6.58913811807289,0.5870981792956813
2000-01-30,-0.05382572885304959,2.638204314022833,7.982731064084993,0.4062178395974112
2000-01-31,-0.6881274727463298,2.5813553612931326,9.379823522850044,-0.3676187220227196
2000-02-01,-1.1863587354215102,3.104569963139232,11.053402279821917,-0.004802082573765243
2000-02-02,-1.4373373942512184,3.9962124607855234,11.006781884678297,0.28227613647338695
2000-02-03,-2.1187679111553894,3.0996787537565744,11.432041575475669,0.09389647112437144
2000-02-04,-2.8129603907946716,2.2600487784914685,12.19220056308536,-1.2355383279761134
2000-02-05,-3.5520407944462704,2.100639446491019,11.89023347623653,-0.744278527621071
2000-02-06,-3.1987847416450483,2.0025811073364186,12.521398248221189,-0.7237144384197417
2000-02-07,-2.785396940114193,1.4909321363194872,11.376293512253687,0.30970251938811744
2000-02-08,-0.02663677397784081,2.0405738290904556,10.588252559073005,-1.3574824161790207
2000-02-09,-2.2531974648475073,1.7110089607119465,11.11384668691016,-1.1275671593917882
2000-02-10,-0.24257153208611237,1.471503588507898,12.76657856970954,-2.413391907209589
2000-02-11,-1.9356098892947624,3.695554148547221,12.91946529338675,-2.0441672475785353
2000-02-12,-1.2649540178139969,3.764728282236764,13.33566067969476,-3.945002486954679
2000-02-13,-0.37322810595303857,5.135637518067198,15.81492638901866,-3.693803894212598
2000-02-14,0.23054100397026311,6.441609396583979,15.665903033484101,-4.611281114653762
2000-02-15,0.6886514007021814,4.439002748280734,16.168504004181834,-4.855131997240672
2000-02-16,1.5505780805515927,4.6030399486100695,16.96792241843674,-6.777060353633318
2000-02-17,1.1077565147420017,5.422735474784763,16.459862826888433,-7.267174085865451
2000-02-18,-0.9104490990628,4.229972517581499,16.809858190754888,-8.59004483120272
2000-02-19,-0.42211106260656145,3.9809588235354765,15.777804503816665,-8.474261074656683
2000-02-20,-0.3954518781603601,2.616371537179477,17.496287386774405,-7.839718088674183
2000-02-21,1.2312857342262125,2.656376469661741,17.253044022632952,-7.342874953735376
2000-02-22,1.664558847136368,5.084822855313739,15.74785427595504,-8.008163865237059
2000-02-23,0.554074078062182,6.206968427646698,12.0563624945515,-7.556892689191513
2000-02-24,2.1577118001162088,6.650015934662233,14.034285713062431,-6.567755849187521
2000-02-25,2.6478295740017863,7.908924953014661,14.744310955960444,-5.4648578450898215
2000-02-26,1.6450923878248598,8.155508429964325,15.657935177509414,-2.230320640846792
2000-02-27,2.351321014999127,7.255944581718793,15.399462644373614,-1.8982748692195937
2000-02-28,2.0055125111859198,8.129087843281965,15.020903819133485,-1.3950900698596533
2000-02-29,1.427125017565521,7.735913815272418,16.428977585020775,-0.9702908370508341
2000-03-01,1.2708372127770522,8.889262860910584,19.026731615748588,-1.0102748239257466
2000-03-02,-0.021556030367364087,7.195380936356925,19.130746758382326,-1.2050402707400798
2000-03-03,-0.15796471000228043,5.820618297956958,18.856710505873284,-0.963513678982205
2000-03-04,0.9723394146275998,5.6609172176198275,18.47337881193959,-2.258457543997289
2000-03-05,-0.007153237546241975,5.7203227546310895,19.189540140025578,-2.0860855171795847
2000-03-06,-1.4312974599673467,5.500318217951422,19.860430473703783,-0.7180741382823128
2000-03-07,-3.1944676982393805,6.926571830163764,17.66479871777828,-1.4776009186905643
2000-03-08,-3.715242081790138,6.201493972527483,19.771302087377546,-0.7806000784786346
2000-03-09,-3.907091246716961,4.589738825289543,21.19715477132928,-1.4306610400181912
2000-03-10,-4.4152683623448645,4.556241427947533,20.619823141679234,-0.5558099998962693
2000-03-11,-6.774776145811605,5.881807061084515,20.250205004428086,-0.5754210551942308
2000-03-12,-8.371007884983676,2.540702804534435,20.32816086109818,0.8439109247802826
2000-03-13,-7.827632614262687,2.1922857068585646,21.396881206268652,2.3837507397430255
2000-03-14,-7.510787475865839,1.7574410797394282,20.693267459496727,3.817852332191075
2000-03-15,-7.1403599013446675,3.604262376640234,20.75067458222278,2.4036708350130014
2000-03-16,-6.892238404905425,3.8702801408050993,19.88581466275246,0.016315069760112433
2000-03-17,-7.35192303731873,4.337665609849934,19.34051746388518,1.1050381170696302
2000-03-18,-9.784944899595105,3.8841542531243674,19.680884350020552,2.929759092855654
2000-03-19,-10.038134342617116,3.9103032593393174,20.58802912876064,2.771068144413942
2000-03-20,-8.920892771700064,4.23615979609422,20.541657505213553,2.99407645777828
2000-03-21,-9.381785916295277,5.140786149558156,20.93042111899442,2.7098648772639993
2000-03-22,-9.25435853271826,6.669433918619139,21.59431047051575,2.4798084650791616
2000-03-23,-10.804788979715779,7.8179897495573325,21.510854022630777,2.128262795561608
2000-03-24,-11.458692969080369,7.070022542345035,21.401068389214693,2.291691259013737
2000-03-25,-12.373577055463999,5.692527040688653,21.90671970078666,3.966107104204978
2000-03-26,-12.092140394324085,3.816518711798788,20.772720999369817,5.147025670372706
2000-03-27,-13.442198134778504,4.7900195547097715,19.711355151932906,7.225578604303194
2000-03-28,-13.285384195835139,4.845339248497802,18.701136368655302,7.690792710395057
2000-03-29,-14.709167081420295,5.1198394789185935,19.956947547493396,8.514354356014088
2000-03-30,-14.353502816125934,3.420840002451089,18.616235602897923,9.368862971768815
2000-03-31,-13.535881979792416,3.251888083013308,20.2140125507758,10.606032621027254
2000-04-01,-13.605758460395869,3.9586784068502294,20.386625149591964,10.56777058734321
2000-04-02,-12.38596506000746,5.675043656173697,20.329587053241042,10.578180926678264
2000-04-03,-12.782009108809838,6.7717169780454025,20.13070426777102,10.706966606844313
2000-04-04,-13.69929583909951,6.841915150210377,18.30299534307749,10.898183673204711
2000-04-05,-13.611674917057256,8.982135795581168,18.550479697297543,12.253175458063787
2000-04-06,-12.669256542017223,9.466634661659207,19.347665385775418,11.952103677960958
2000-04-07,-12.95890361125334,9.083514635727585,19.8437942695335,10.105161192328831
2000-04-08,-13.60142879107488,9.925816781887455,20.23402831587583,11.630876331045307
2000-04-09,-11.906916338179041,12.03786062655238,20.063103490969723,12.355177531263106
2000-04-10,-12.237154577115989,12.470659618900159,20.142781915022468,13.121061630352754
2000-04-11,-12.670345791231505,12.459698459001865,19.488362469251154,13.454176129978713
2000-04-12,-12.73747692086258,12.956067670238127,20.295910241642428,13.114756616482211
2000-04-13,-12.891781176264697,11.277765609552185,19.02542777769463,14.399078568531483
2000-04-14,-12.630513785721421,11.201737421914917,19.122284011436147,14.457833099089076
2000-04-15,-11.495563386076043,9.10147102927707,19.349256947549716,13.329095037925981
2000-04-16,-13.511791674015118,8.350159789426396,19.30635442345271,13.86577085354248
2000-04-17,-14.133373977888638,7.566803198206347,19.465433430743204,14.402394626867213
2000-04-18,-13.932915641083795,7.4088588839241325,19.58149133198884,15.435650127463925
2000-04-19,-13.877723304662647,8.512305559531747,19.575517197901032,14.823945569419234
2000-04-20,-15.790448034757292,9.721121147620257,21.710315707414054,14.163530282016563
2000-04-21,-15.6545362636786,9.547089392705923,21.754950989441856,14.400083273571727
2000-04-22,-16.65707914541881,8.8578655528686,20.81680848572546,17.194855335265824
2000-04-23,-15.066696195927053,8.952509005654141,19.897659876743468,16.562544012715268
2000-04-24,-14.01134794258326,9.791421558701074,19.665719883335328,17.44703303921095
2000-04-25,-15.097695597126984,8.884203532299008,21.836808254906348,16.712504414018674
2000-04-26,-14.448484302197478,8.69508199673338,21.956998146052793,17.194257494998972
2000-04-27,-13.221251970578532,8.709510881576318,21.886730787351482,17.101077760086987
2000-04-28,-14.35662297103406,7.984129710485549,20.301626353195388,17.607788340083978
2000-04-29,-14.348790966329911,8.957981132763171,20.25368992135068,17.369163441160495
2000-04-30,-13.583443174943248,11.098674370508924,19.27157637447069,18.615037631666638
2000-05-01,-12.699080623108113,9.629055481662073,18.56729396591113,18.49168208224555
2000-05-02,-14.516173835422556,8.282218033494628,17.597374261763104,18.578313204722722
2000-05-03,-15.064362735598925,9.755559467402211,15.136904583413312,19.084235204128962
2000-05-04,-15.110899455207193,9.644496308369371,16.801983280028608,18.494708868807855
2000-05-05,-14.721742417628652,9.313081379014289,17.90265093353444,18.168135466289847
2000-05-06,-13.593538880420295,9.730924174577547,17.429450700486935,17.795179050960318
2000-05-07,-12.187347673261078,9.79559775597629,16.505555445453727,18.297004998076336
2000-05-08,-12.958191703889364,8.572727046976196,16.9819484617641,19.695900134286283
2000-05-09,-13.69545483680591,9.454764825744393,18.323075602579987,21.02217038370975
2000-05-10,-11.780882326418945,9.339903077624891,18.372149427605006,19.98451612931759
2000-05-11,-11.761187574057079,10.375838514144199,19.188095950969977,18.83413373455166
2000-05-12,-12.788329145145054,9.430283238469872,16.554703574922524,18.657715701024504
2000-05-13,-11.679440820897184,8.817014199636445,17.856611278968142,19.92911256762275
2000-05-14,-11.879066577143247,6.852337605856022,19.656686501122877,20.538080447413606
2000-05-15,-12.884379784481688,7.4879414495809105,20.423322869319808,19.871022411769097
2000-05-16,-12.038002070364515,8.238481533545258,20.816855531725686,18.30143490354999
2000-05-17,-9.73568947048073,9.674715779829482,20.451160813440776,16.96477393685382
2000-05-18,-10.507242240525065,12.053382585004638,19.477130018208396,18.109669040361258
2000-05-19,-10.920227156476322,12.059092740103988,19.567816025144683,18.689432292540033
2000-05-20,-8.785285011775354,11.623711956637923,18.488335616985047,17.87394796507781
2000-05-21,-9.885374848679799,11.239222095896059,19.873133786667164,18.349923084262194
2000-05-22,-9.87328136386519,13.353136188177388,19.183252461564244,17.319234616799452
2000-05-23,-10.860370967818262,13.967689666954639,19.050219425827827,17.845699735767987
2000-05-24,-10.693449630987047,13.794635307799508,19.46006564164482,17.89688206755877
2000-05-25,-11.202001200369546,13.010727808732392,20.016943507203706,19.076233239298034
2000-05-26,-11.31910036162936,11.404583084478027,20.5934731008672,18.358674346026085
2000-05-27,-12.198615841234425,10.095576821261105,21.833169953622704,18.415631125686016
2000-05-28,-12.918262738201927,8.863898645277981,23.20851324431491,17.659703940128935
2000-05-29,-13.9213981297268,9.82799086360751,22.48908162289156,18.27656316006873
2000-05-30,-14.23558692251532,11.185176864902273,23.211141800658208,18.696970153011325
2000-05-31,-16.107711499991478,10.444390155594167,23.785452007214285,18.624575527562357
2000-06-01,-16.3095395048375,8.161615161439297,23.813522668401237,19.329283616770876
2000-06-02,-16.33988852860434,7.72835660546759,23.117009528034394,18.33464470537328
2000-06-03,-17.204190633676752,9.46098052291282,23.697754476126402,19.168392358822533
2000-06-04,-17.698259149764862,9.768735982717038,22.458692086604184,20.631878845121467
2000-06-05,-18.05284628041272,9.88609391153011,20.152862919144685,20.181329265484333
2000-06-06,-18.021942164060434,10.111488626898232,20.43897032679344,20.7806206335194
2000-06-07,-18.06528192519458,9.20156247028396,20.64685204104546,21.78573449107726
2000-06-08,-18.249318711595627,9.468134648464407,21.218916927410014,21.907568861550295
2000-06-09,-18.86190468959291,9.061720182260176,22.126959636839157,20.90785411539386
2000-06-10,-18.937297514070536,8.050070691995298,22.77427883644431,20.168591809167946
2000-06-11,-17.83466892543391,10.35522603685062,23.929035491339086,21.25026936238816
2000-06-12,-17.386840814807076,9.839775298915217,25.00643594469466,21.275086469000804
2000-06-13,-19.534537345927763,7.896663126762471,24.08916768670739,21.18620340955994
2000-06-14,-19.243480763967757,6.517786151161987,23.624873863544337,22.439398034780798
2000-06-15,-19.605208451950908,6.204511347009921,24.596817564945717,22.030177830214885
2000-06-16,-19.546425781751605,5.047338815991326,23.907462100000945,19.779667118890508
2000-06-17,-19.745931620645354,5.615471227944116,22.838907431382474,21.01795108784124
2000-06-18,-19.408101557449914,6.7165958593575725,23.30572460627336,21.970834876595468
2000-06-19,-19.452402141259796,8.116168080837912,22.367277576860705,22.919216443255575
2000-06-20,-19.31689611519219,5.615957482536587,22.49713060036754,24.271457004203633
2000-06-21,-19.67860066307423,5.402843812788859,22.96321685128236,23.10729810679282
2000-06-22,-19.606288932617264,6.39107837013995,22.213314949624127,25.267202754099575
2000-06-23,-19.30403656881998,7.133203778095273,22.64724268916902,23.312160013853028
2000-06-24,-20.184974211578204,8.198704573790161,21.61150547601587,24.086208151501765
2000-06-25,-20.77586909305905,7.875545414200609,21.295376409693915,22.87387533809803
2000-06-26,-21.776281975123197,6.9368245193140465,20.898726812058452,23.129175340475715
2000-06-27,-21.754267155214222,7.83369418987711,20.657279403445695,21.514962573890283
2000-06-28,-20.485511097926462,6.836634837734496,20.092177253047243,21.637443681277986
2000-06-29,-18.85681535018857,7.5209504396719575,21.726422466139717,20.320152594306368
2000-06-30,-19.195530148561428,6.566813534000303,21.738692234822924,21.080445242102375
2000-07-01,-19.161695525322987,5.351123339197294,21.507857442179812,21.224768409095056
2000-07-02,-18.610480788610943,5.361884870603951,22.226451247853316,23.404219478601195
2000-07-03,-19.821552872707674,5.0488464521786085,21.18547846830543,24.10437484412256
2000-07-04,-19.541465188423444,4.868513982283205,22.72025727411194,23.95173388112699
2000-07-05,-18.506836673134316,3.098695742321639,21.816089465927814,23.89720961062781
2000-07-06,-19.165816231869353,3.1097804223137806,23.06787088898684,23.43892152673617
2000-07-07,-19.06118093641,3.1532892278485005,23.14713369511195,24.960983402612783
2000-07-08,-18.481618274914663,4.023805076624163,23.115394043472037,25.260985895625613
2000-07-09,-17.313013543048378,2.0369106703574715,24.026125004367426,25.152570749593327
2000-07-10,-17.06303271300467,1.5480770397212094,23.98067184826955,27.561383500277312
2000-07-11,-16.535635909777884,1.5595409429935643,24.841462343991374,25.911189279219812
2000-07-12,-16.350575252170255,0.5235161104324839,24.329568233441424,24.407305008311745
2000-07-13,-15.95918012191952,0.8965386068837471,23.64004072813339,23.68669764583738
2000-07-14,-16.390501841179223,1.1709380654712747,24.04446943624315,26.164831900669896
2000-07-15,-16.680653590472396,1.093865250340833,24.13900921489314,26.984770713489485
2000-07-16,-16.666381660139223,0.9080555184925375,23.98139792306478,26.12878535844309
2000-07-17,-15.842940453816965,1.1519651508263633,23.620941675021875,25.70875986975445
2000-07-18,-16.289917563826002,1.8959018628257756,22.274239098177745,25.43269585384539
2000-07-19,-16.4807984247776,4.444192235580655,20.64084069157611,24.41438063584673
2000-07-20,-16.135248127734428,4.167613698876762,20.98971369505085,24.981269976242388
2000-07-21,-16.537611644470918,5.6105936254601705,22.852044531465726,25.613628787389164
2000-07-22,-14.81973922983408,4.905454031355049,23.130404691576587,25.39033490779867
2000-07-23,-14.687907577328387,5.967981310382651,23.608740766095114,25.78394525158479
2000-07-24,-15.696996564326614,5.639670545997859,23.433033629492197,25.105996515358438
2000-07-25,-16.86151375918758,6.325779116122376,25.192692942881074,24.480574684428703
2000-07-26,-17.841820653579443,6.72258880226999,25.07768189159622,25.70313899577607
2000-07-27,-19.08309501033045,7.832952801530402,25.461582273304387,27.83425492393186
2000-07-28,-17.41170608072492,8.64053110088359,24.34906643742494,29.464426420337073
2000-07-29,-16.786408515449036,9.123558864381131,25.414604468318625,29.10922567073493
2000-07-30,-19.04338006238891,8.447580840963202,24.557088776172215,28.829677733463352
2000-07-31,-19.19992466740399,9.016777672390592,26.014300523660335,28.44050494438437
2000-08-01,-19.347601429841106,8.26471774578341,25.475726137392773,28.302274996135274
2000-08-02,-20.482310807030245,9.376975330293604,26.360458318961886,28.60170049877223
2000-08-03,-17.098509720449876,9.376357596417431,27.521369091808232,26.80648675518149
2000-08-04,-17.351918335316203,10.840961666335238,26.070365895620327,26.29970010703906
2000-08-05,-16.924325757333364,11.072161907895238,27.128312961913366,25.314553052272814
2000-08-06,-18.612797602946856,11.93421307837233,25.923148835559736,25.54518177863921
2000-08-07,-19.17519076369131,12.227106178192662,26.66188222245176,25.50663184194185
2000-08-08,-20.403433257061266,12.62627205279238,28.810673287938457,24.205936793345987
2000-08-09,-19.90682505880559,13.441240844977859,28.978357932925526,23.369561951765128
2000-08-10,-20.190606723342455,13.935934972589255,28.64027641729655,23.91131486797661
2000-08-11,-20.15350039861035,16.54119836258747,28.248886136077832,22.85710898723189
2000-08-12,-20.566886393486254,14.17400137315752,29.590525421938406,21.78764281151032
2000-08-13,-20.61989844973853,15.099191095232229,29.8059422965623,22.0651200481992
2000-08-14,-21.147316708989145,14.32752499585523,29.548482342330377,23.368938975020843
2000-08-15,-21.177068456706458,13.848619419270685,30.227722492848308,22.61079113584031
2000-08-16,-20.35141020334012,14.446454977213026,31.609153469362788,21.679823605430176
2000-08-17,-20.38836886412851,13.936908473639752,32.294530830533056,21.978192260021025
2000-08-18,-20.013970510755207,13.174735902327052,31.35371503748208,22.775037414195097
2000-08-19,-20.923716405662034,12.695687410125817,33.478097915629704,22.095291417274776
2000-08-20,-21.572105828689192,11.633807356381812,33.40522936152739,21.81155214854308
2000-08-21,-19.480177638498365,10.375309952581858,34.84070216243258,20.607784190427484
2000-08-22,-19.87841103126965,9.404114950527712,36.885399951691475,21.916769143678223
2000-08-23,-21.24544821092527,11.145208778695721,37.04367815031142,21.68979550460502
2000-08-24,-22.374247750557856,12.38415150275052,37.664589136478895,23.645692818712227
2000-08-25,-22.85531378510834,11.411169172233791,38.336610321,22.205826050339887
2000-08-26,-21.274086809089013,9.65021703916342,38.76172395174537,21.7313809187771
2000-08-27,-20.895676170469827,9.680829430194803,37.65202090054094,22.667567783992332
2000-08-28,-19.685810586060118,9.483233346122045,36.66762933645638,23.313872876223837
2000-08-29,-19.20100608582156,8.554708790002849,35.86486462274334,23.030064727548687
2000-08-30,-18.703251197020222,9.061746396712486,35.6579470709887,22.599993485038343
2000-08-31,-18.064498969729843,8.714647762184038,35.941104236682044,21.803203380930718
2000-09-01,-16.273652985650585,7.806126619531093,35.13486713585421,21.03602435941849
2000-09-02,-15.80122747333124,8.531248891407438,36.96332341924274,21.63597498273789
2000-09-03,-15.88895369425485,8.699315286169616,36.721444213590594,22.309827946824957
2000-09-04,-16.241762054698416,10.041504892268708,37.06699153771344,24.19165207156601
2000-09-05,-15.252562048460216,9.022566495768718,37.84365576891586,25.3490294475075
2000-09-06,-13.705337914720683,8.333415427545345,36.96706494561024,24.581688362102216
2000-09-07,-13.887610395765572,8.735196260272607,37.51619791822135,23.985671159610913
2000-09-08,-14.30662686045032,10.675980096587782,36.29553198632493,23.810565321064765
2000-09-09,-13.427500594472049,11.262409473882618,34.641384225548876,23.26453082785495
2000-09-10,-13.851843463159089,11.870510188321532,32.99047586278625,23.42693174343092
2000-09-11,-14.752400540311946,11.811992621212957,33.59267621082645,23.636511731754972
2000-09-12,-14.495008345387483,12.785341081468516,33.909027126635145,23.164346284096684
2000-09-13,-14.682549860071074,11.986816398101553,33.96114115948955,23.709554616095087
2000-09-14,-13.59561052961176,12.235916367967228,34.10589674395382,24.9949145030008
2000-09-15,-12.337712008209557,12.151442941060155,33.09796954438806,25.166233245582095
2000-09-16,-11.913866736222609,10.81209655229932,30.07322947083506,24.971362712885544
2000-09-17,-12.720607742632861,10.84808064985666,29.66943626354855,24.67114900924357
2000-09-18,-13.189486554078075,9.921885510350988,29.76722829200363,24.52048481188329
2000-09-19,-10.929016094271722,9.975323170952663,28.083441503362245,24.76527940163701
2000-09-20,-10.138016869456928,8.877752675623423,27.798171519476206,24.93857515944418
2000-09-21,-8.20257570000007,10.617098119748887,26.841938920531437,25.093998968621314
2000-09-22,-7.969847233385725,10.84505628060441,27.499209480969483,25.101427874141905
2000-09-23,-8.297443801414074,11.428006686125693,27.466778750013795,25.82430148755459
2000-09-24,-7.602358595448189,9.82925136152765,27.82416083729636,26.817267069210402
2000-09-25,-6.579876085458437,8.535284075063208,27.024907267344606,26.182165919350215
2000-09-26,-6.743464157260069,9.17331576062128,26.9773376040481,27.745517512559598
2000-09-27,-7.930702063985313,10.047797188359345,26.725631708203313,27.888213370698058
2000-09-28,-7.56536108208766,11.156065563215703,24.569885633380615,26.570213156567025
2000-09-29,-6.745527422325457,10.24290134778216,24.664263560998627,24.04247289757999
2000-09-30,-5.5616130394789955,10.52481331657925,24.51853789069849,25.806140649382183
2000-10-01,-5.901069288328254,8.876256230394524,23.198538976747564,23.30953925280496
2000-10-02,-6.957365337300395,8.178705791000754,21.123030526841514,22.66689015180223
2000-10-03,-8.299200663424507,9.570227136958124,21.722063748736403,22.230348959080278
2000-10-04,-9.44639233238929,8.934657389266974,22.615414019795526,20.898520998237217
2000-10-05,-9.495385552665818,10.082338315886169,21.61374308745532,20.824397113535895
2000-10-06,-10.21651478931358,11.368094479848622,21.970491291008518,21.617875790866822
2000-10-07,-9.518820861589923,11.19140988273117,21.481647231299043,20.663716718144666
2000-10-08,-10.275823958933069,11.536403826969178,22.233912341251283,22.620590924890813
2000-10-09,-11.26179057389702,9.376917898458196,21.060314785283435,22.40055136470563
2000-10-10,-11.7949958842273,8.151827853010284,21.00670079302215,23.74096275318937
2000-10-11,-12.501528034370514,7.548123804563291,21.06262346319717,22.721189349510784
2000-10-12,-11.82450229609355,7.7956716183452786,23.135359610876968,23.386216364329254
2000-10-13,-12.267091256730415,9.615631438980262,22.297970426475423,21.508262792963436
2000-10-14,-11.874119465593328,10.468201675838593,22.650250772223643,23.189385721087376
2000-10-15,-12.124270155657781,10.828574450195706,22.880757500367295,22.81581995306025
2000-10-16,-11.108021852208646,11.0707168610938,23.261643581138348,21.75649707007466
2000-10-17,-11.06847684282029,9.97265707956447,22.20460571188606,21.097962646535716
2000-10-18,-9.366205623835896,9.584176130661483,21.90205047770026,20.240376378490247
2000-10-19,-9.225640692835496,11.680783557055522,20.00197184543578,20.02445628035444
2000-10-20,-8.768919946813975,11.24385882977268,18.373427512646078,19.816345255834
2000-10-21,-8.492811772517477,9.997124991757202,19.776201145405743,19.359234333972932
2000-10-22,-8.714864573150207,9.821784249214048,18.817255338617468,19.055523983017334
2000-10-23,-9.061378663383875,10.129692930025723,18.363187513457714,19.35058289943402
2000-10-24,-9.23016449800172,11.526531817499949,18.5457904428754,18.65091146400554
2000-10-25,-9.307635049964526,9.318396608049232,17.274670871784867,17.641869349048655
2000-10-26,-10.420693553118648,7.8456742164169935,16.15511506038006,16.934972047418455
2000-10-27,-9.549839328435212,5.745576343081908,16.233252168245855,15.59045861291435
2000-10-28,-8.429735892294007,5.703633003098691,14.447761762576727,14.729565640728776
2000-10-29,-7.352564386950883,5.0887661622277065,13.913883530874816,13.88513976465128
2000-10-30,-6.429671903532788,4.530940106234918,12.496913785625221,14.379950331825212
2000-10-31,-6.551794140727016,3.908804343147752,11.555403270540339,14.618530191932587
2000-11-01,-8.130858475229987,3.4345694450918813,11.662814684543436,15.134095753726905
2000-11-02,-8.99968624136939,2.8430014517415785,13.365984062545344,16.611009931790754
2000-11-03,-9.960882821424725,3.8917513921241307,14.01666244522525,16.55137256434637
2000-11-04,-10.815828461526655,3.707211184578844,12.003180339237105,16.3479773582538
2000-11-05,-10.643625503383888,3.284427640171257,11.366621535802993,15.552280310618286
2000-11-06,-10.656840868406437,4.056130073879328,11.553024989690037,16.164071695894222
2000-11-07,-10.72854310775308,3.770201533656752,12.482324603250467,14.074549474254828
2000-11-08,-9.514098241727611,2.309748113246738,12.471215828376135,13.596177228515872
2000-11-09,-9.081948038086153,3.030678255662176,12.56836984722345,12.576004804080753
2000-11-10,-9.003959623946233,3.1194277576853153,12.530533627899342,15.023016910460061
2000-11-11,-9.901098445733274,3.088437862973151,13.287441612785312,14.913253839316168
2000-11-12,-10.418635121085508,1.1857199509925431,13.93625397376595,15.728011754472757
2000-11-13,-11.886718594076081,1.929193876082895,14.383811475447187,15.15306683081865
2000-11-14,-12.52681405640901,1.1157122199368648,15.37874571581242,15.709980413377847
2000-11-15,-11.678401050632225,1.0920304413258608,14.437362170220945,15.004812230994467
2000-11-16,-11.35847572262529,1.1959779090864653,13.371172129783055,14.957541609316925
2000-11-17,-12.205381344147876,-0.6251343965869909,13.102853119170598,14.870803173194709
2000-11-18,-12.801607769053652,0.1779800327897213,11.895056405878236,14.201416786475557
2000-11-19,-12.359569332661374,1.348393079041883,11.973784276332516,14.969987841838133
2000-11-20,-11.298339206759522,0.8040353601754173,10.502555929475275,16.493236488861484
2000-11-21,-10.551880245948862,1.2856750201239675,9.717818259145385,15.008022336664256
2000-11-22,-11.339651083936777,0.5593909431510831,9.21023195851421,14.382246701503375
2000-11-23,-11.353297790329979,1.5283680800497126,9.443015681886555,14.183323757679794
2000-11-24,-12.646735811373599,1.5308795571966105,8.648718166485883,14.94857160427122
2000-11-25,-13.275761774768688,2.0281280319364265,7.4379478364978215,14.457849934703068
2000-11-26,-12.620862748144296,2.1059711686127867,6.820327148445897,14.406741143189766
2000-11-27,-11.514627221041245,2.7915563688994753,6.928547966353761,14.718979538943728
2000-11-28,-11.109719375345037,2.163796546952561,8.030883501045958,14.79629079054419
2000-11-29,-12.503759431614837,2.2015336981936855,8.436483926139857,13.371967627468425
2000-11-30,-12.530036351184325,3.1340669084713975,8.821441355520433,13.077466935763958
2000-12-01,-12.822240465802075,2.365449727406032,9.099616136848628,12.189561714282103
2000-12-02,-14.593319903047462,0.485824225026243,10.462413769450292,12.297921901670318
2000-12-03,-15.370325036086584,-0.528760637151023,11.314408957178916,14.14262586865456
2000-12-04,-14.728230364171955,-2.3078767661917685,11.342314761872034,13.996307675212853
2000-12-05,-14.515866274300578,-4.2255016900440765,8.583552214300486,13.14877948424951
2000-12-06,-13.829651238263452,-4.417107124059286,9.404456053201132,13.189819897728302
2000-12-07,-14.748714037251974,-4.767433864129643,7.763376513542989,14.649189353075768
2000-12-08,-14.5446771410551,-5.888376027992369,8.145300211341736,13.945779635819795
2000-12-09,-14.778922300959342,-5.592528174274661,8.324664925884544,13.957542605711504
2000-12-10,-14.959741451559381,-5.283332688842738,8.424684555327184,15.186233590694084
2000-12-11,-15.126632186435588,-4.939397998990769,9.497840203480676,15.431739172703525
2000-12-12,-14.291990451349061,-3.4563367976705432,10.326753804250346,14.427754847250828
2000-12-13,-14.898772204184977,-2.341648728064339,8.890218192079214,14.83033502120152
2000-12-14,-15.258192082143369,-3.8459651622176123,9.261785152402174,16.529030216807712
2000-12-15,-16.364957624377787,-4.577326570470344,9.104824028261651,15.730358814103306
2000-12-16,-16.638382255105874,-5.304472265858404,8.07509621978756,14.524257653791675
2000-12-17,-16.467090855894213,-4.045352056021068,8.189024653882925,14.551546767444643
2000-12-18,-17.20635552310865,-5.055656454256179,7.430130844542402,15.135313031584847
2000-12-19,-18.892144557880172,-4.887780519957803,7.154956929012585,14.937230396276037
2000-12-20,-19.014248789264833,-3.8327165232557787,8.28918861895026,15.10317518832571
2000-12-21,-19.579675653029444,-4.9007080408050685,8.328154316664147,13.316929846338134
2000-12-22,-18.547479263918348,-4.8773981093013665,8.336064265086664,13.224662905097523
2000-12-23,-18.431333901748186,-3.768152325212904,7.293926704755263,12.400464522421425
2000-12-24,-18.268727740750254,-4.593270442323957,6.887124729367886,10.043782268370805
2000-12-25,-16.820956656319673,-2.378162407748378,7.714323020961848,11.30590757964458
2000-12-26,-17.742176709350268,-0.6536781601972546,8.603657970316064,10.752952919197984
2000-12-27,-17.341204233914496,-0.28443814379937193,8.461626238976697,9.317503802057818
2000-12-28,-18.404971589074023,-0.18834623645070658,8.274111910725304,11.144896357071117
2000-12-29,-18.75595981797844,1.0526902468466544,8.737223782487284,11.055544355149102
2000-12-30,-16.96142654242834,-1.0063820996960238,8.576885384707031,10.3489346156143
2000-12-31,-16.039411576378246,-1.6842983648718868,8.613958364910097,10.294323654202781
2001-01-01,-16.8553906274791,-0.033022166155276755,9.171488257048715,8.66432079635326
2001-01-02,-17.27734405819399,-1.383236062313466,8.86016218336341,8.355053797379636
2001-01-03,-16.82647412517755,-2.6337093221071974,9.720836541485486,8.264318377507493
2001-01-04,-17.718877095013994,-2.539137945382935,9.073040442536788,7.60476391082858
2001-01-05,-17.065724622558562,-2.4162466834724348,8.140716584010468,9.321030458046343
2001-01-06,-18.4766799041542,-1.121237029239266,8.139168118062315,7.928116152294166
2001-01-07,-19.742740724519916,-1.88105681601327,9.988842641628324,9.37448347876385
2001-01-08,-18.7108943112227,-2.2760508328251143,8.71211842830143,9.72841334903816
2001-01-09,-19.334727685406893,-3.841692454450647,9.464999879660521,9.228253508916378
2001-01-10,-17.99550399501549,-5.81875281262689,8.377855275782482,9.766038433997279
2001-01-11,-17.323028141053545,-7.623126867235447,6.760825636982217,9.625974348986977
2001-01-12,-17.29288598294056,-6.686471384115153,6.4924847795586915,9.23553216592494
2001-01-13,-16.056958902519312,-6.853283052519471,5.84283972355191,9.854476897793944
2001-01-14,-14.199652140694146,-6.961247668886404,5.838555065577764,10.771574448547629
2001-01-15,-13.32570855321031,-6.95226499040331,3.7820546075212116,12.45669221774588
2001-01-16,-13.34622488345885,-6.851856139185517,4.537034127214448,12.127785599557125
2001-01-17,-14.173720651167155,-7.140314736367289,4.462390690772614,11.360091752171686
2001-01-18,-14.527368046482696,-7.056852949951537,3.5760870750257276,10.769918801706732
2001-01-19,-13.23022107975575,-7.144627328496909,2.42035937949227,11.412455579598111
2001-01-20,-13.787009265635865,-6.737692676417413,4.620885091890802,10.46952380683372
2001-01-21,-14.203461621253389,-7.468537417411434,3.500255195905807,10.616298964068353
2001-01-22,-14.800109195441467,-7.438162965817283,2.7957880937668445,9.085512539293633
2001-01-23,-15.076861371826448,-8.283908680493424,3.4455080930636868,8.675829767691225
2001-01-24,-14.059323199395878,-8.791248519596103,2.755951197441057,8.539680090715946
2001-01-25,-13.710872650279612,-8.568899695915503,1.834549655692829,7.445189639549819
2001-01-26,-14.15622858310172,-6.986442779746388,2.685020590895137,6.611676036648899
2001-01-27,-13.280489849576181,-8.195094622347007,2.6522265553468403,7.245274975670373
2001-01-28,-15.020767072479893,-9.783226317547017,3.2510331772558416,5.934427757745446
2001-01-29,-15.282682405874821,-9.568452834161542,3.888962290215021,6.686202932079885
2001-01-30,-16.198286480256208,-8.33960963064262,2.5727503767228863,5.515642929590119
2001-01-31,-15.880126379434994,-8.442467953282305,0.20317337136492553,6.845082345326648
2001-02-01,-16.885531341016005,-8.261796152120422,-0.015323455946429754,7.409027624121567
2001-02-02,-18.415520109008664,-8.701569836768074,-0.8680647035272973,5.252072559789032
2001-02-03,-20.13802440815066,-8.707590182803505,-1.2727316473001302,5.537476027004237
2001-02-04,-20.718275344570884,-6.800720739199113,-1.3008639264736725,4.197206551878338
2001-02-05,-21.120756247194144,-7.87609397861566,0.16713029881051367,5.572702570249394
2001-02-06,-21.14009983716829,-8.953221034215867,1.2015282986496543,6.160142223038675
2001-02-07,-21.67693411863866,-8.717200369051923,1.8176081257729428,5.33211993484252
2001-02-08,-21.072967200970663,-8.976559265313432,1.0666657288460648,6.829253250311252
2001-02-09,-20.24760354673361,-7.382250672584067,0.5060820754101754,7.674306797725652
2001-02-10,-19.06204312625568,-5.3255432492379065,-0.72902993588813,7.184049857594662
2001-02-11,-18.503041607209195,-5.298464363195791,0.2569947296503655,7.804197500590153
2001-02-12,-16.651240032009383,-3.9655300184678755,-0.9182080283273047,5.81466756661586
2001-02-13,-16.87789039889074,-4.759164991144298,-1.075934506080416,8.01093672124495
2001-02-14,-16.588133835392476,-5.820174594298071,-1.9827560324045228,7.788815204756689
2001-02-15,-16.933875225673926,-6.631699076562109,-2.3084709917906077,9.130738469643855
2001-02-16,-15.16883991443807,-7.255580500570629,-2.234365408078614,9.626519603834684
2001-02-17,-13.269592894785651,-7.671608726670754,-3.2651402557691407,11.149828082216295
2001-02-18,-14.191206337673641,-7.739522679213204,-4.00294366935099,9.679672656459998
2001-02-19,-12.672362923551118,-9.394216626140445,-4.016281732627644,9.179029885085242
2001-02-20,-12.699305731365792,-10.544503941770413,-4.566038002873978,8.39340495393955
2001-02-21,-12.431322953178752,-10.553941473900629,-5.745608662878478,7.701447639473776
2001-02-22,-12.435074818324793,-9.898757279742256,-5.454979911056009,8.469768538125527
2001-02-23,-10.460488896489784,-11.373580841578512,-6.397223561855899,7.522956071855377
2001-02-24,-11.59570748296517,-11.771875827994243,-7.006775472358908,7.648236022028504
2001-02-25,-12.513510947736018,-11.738577561016335,-7.9790166926757,7.849256597335772
2001-02-26,-12.978355742817461,-12.703225508217976,-10.097908789251257,6.301829583817981
2001-02-27,-13.931296728613075,-12.336327743680068,-9.79811195765007,5.500490780726863
2001-02-28,-13.267427031194579,-11.4574629527082,-11.554388954966964,6.595639599172787
2001-03-01,-14.173198406999195,-10.855160136417052,-12.219300950890718,6.417382691855782
2001-03-02,-15.849160175082485,-10.179955912951762,-13.066374736568086,7.676841497525586
2001-03-03,-17.303220437721038,-10.296323067281666,-14.554371209208215,8.332623999307756
2001-03-04,-16.099488777409974,-8.910517919045855,-14.861544942934872,8.765301854789973
2001-03-05,-17.43987952104449,-8.223342687811757,-14.476100662206532,6.932530865399647
2001-03-06,-16.738022388318058,-9.495911029751099,-13.421017613576415,6.031509691164139
2001-03-07,-16.857735318960685,-11.412404844139603,-14.908870331615478,5.270820973216442
2001-03-08,-17.23575683760088,-12.137856682152535,-13.521589880177231,5.281239753171506
2001-03-09,-18.042332809266323,-12.677953860376075,-12.86348698154117,4.225126157690647
2001-03-10,-17.987194229231882,-12.273853891455962,-11.855974806094,3.6758388571588254
2001-03-11,-17.391421162148553,-12.748219531747004,-13.777969411384426,1.89129106700534
2001-03-12,-18.743403399955255,-12.180324146831337,-13.833877334165908,2.5970590467256214
2001-03-13,-18.43573055299838,-11.859528601368893,-12.696092515501956,3.6636746037940657
2001-03-14,-18.131907811142696,-9.953112904839172,-14.181748404789106,4.739137005800166
2001-03-15,-20.13545401893081,-11.279180539570675,-15.140295628793629,5.651228531118362
2001-03-16,-19.03096321829437,-9.795870207699503,-14.641568182163915,7.810790140116945
2001-03-17,-17.54033373465775,-9.25518257161588,-15.178177803836755,7.520696190754658
2001-03-18,-17.86407863364551,-9.47284670688641,-15.423234562256386,6.625201130651249
2001-03-19,-17.569077476217974,-7.465891602630615,-16.103348396542042,7.284757947453077
2001-03-20,-18.411190118990522,-7.798181128493277,-16.66292806097658,6.380771921898115
2001-03-21,-17.562149084229684,-9.166102481470219,-15.78109605472971,6.128845997453391
2001-03-22,-16.685060180920583,-8.61946091534619,-15.981191165327072,7.354502067514083
2001-03-23,-15.888045366443535,-9.45737377255777,-14.514769488154053,7.745111476597939
2001-03-24,-14.225896354377284,-11.219462495743109,-15.145082082948539,8.60511708145923
2001-03-25,-14.809564466049109,-11.490464541769514,-14.7291821319446,7.111578449779317
2001-03-26,-12.014610829967701,-10.1809728984612,-14.797492537217122,6.619680799559735
2001-03-27,-13.478844641747742,-10.151073961719959,-13.356878538610776,7.7336697500033065
2001-03-28,-12.397825042986968,-10.64922644109678,-12.98802775072144,8.475446712703846
2001-03-29,-10.714993263310504,-10.19510371290053,-13.29004300256642,8.718309724653018
2001-03-30,-9.995512168233356,-12.047037479554612,-13.448833866195178,8.368018804136746
2001-03-31,-10.521582586581577,-12.979755035176819,-13.717857063910404,8.47336316942644
2001-04-01,-9.983482562295954,-13.183666295914787,-13.05930878948488,6.9770850598495215
2001-04-02,-9.584034156413662,-13.209342429658273,-15.668963627020789,8.357686135397689
2001-04-03,-8.46674610086053,-13.497496110700821,-17.029729016490982,8.458221528481708
2001-04-04,-8.585757287668466,-13.496670887236185,-16.23318463206121,7.339615855275087
2001-04-05,-9.906092768130478,-13.93146561330802,-16.288290528085298,5.58780610012011
2001-04-06,-8.365281266717421,-14.946400128183898,-16.818057450451704,5.407801507443362
2001-04-07,-9.506632726079706,-16.12462492924659,-18.937325277067963,5.081105954222294
2001-04-08,-9.807691748536234,-13.338980660600486,-18.743127661242816,6.114150345564068
2001-04-09,-9.72658056646375,-13.681585803267728,-18.14893201583516,6.972006790968169
2001-04-10,-10.967945405786935,-12.526044244192859,-19.37952556236053,6.9108895498742315
2001-04-11,-11.784321630910874,-10.94624388284563,-19.021996684940383,8.412709380173757
2001-04-12,-11.211408558926342,-11.018369466510379,-18.066401438075317,8.644778979309292
2001-04-13,-11.455018185191337,-11.258865048503818,-18.67695700227741,7.145736693323915
2001-04-14,-12.765523669210008,-10.727521375121961,-19.43092896636288,6.092508548749623
2001-04-15,-10.331312720842893,-10.84406131136751,-18.963379080225955,5.50901232369202
2001-04-16,-10.28505859123201,-10.33875800785043,-18.687410259399254,4.867964965299685
2001-04-17,-11.156578135240748,-12.216872989177098,-18.585313265986308,3.5754246456695413
2001-04-18,-10.393133965827325,-12.466100509598292,-18.83789579014528,2.4162348857064417
2001-04-19,-10.659839143341234,-12.635054353876813,-18.07462283957026,-0.30535173202563515
2001-04-20,-9.86066687075986,-12.326076214972451,-17.626874097457016,0.29456846377121826
2001-04-21,-9.67298426678644,-13.241033115173083,-16.197128950279584,0.0010489917323848186
2001-04-22,-8.51484723369561,-13.934245388363049,-14.435693947556157,-0.1429112484174435
2001-04-23,-8.40502576911624,-13.302977340606999,-15.35825681583141,-0.8684484899761423
2001-04-24,-7.488673263834007,-13.00027153277947,-15.50110790061548,-0.9461847658231073
2001-04-25,-7.603030796132587,-13.502147015986672,-16.56887167281242,0.8390418512420099
2001-04-26,-7.457941277368673,-13.771297278969826,-17.595478047708927,1.137223281178159
2001-04-27,-5.949463662505144,-13.241898044166238,-17.217409307605006,0.8452681754981406
2001-04-28,-5.528409236784862,-13.779998783784306,-18.15693662104972,1.4833624057727643
2001-04-29,-5.81435670488663,-12.958532411748944,-18.98015401097805,2.293378088676167
2001-04-30,-4.289348687638016,-11.848806350424654,-19.892770781758085,1.4377015222856655
2001-05-01,-4.67229745717913,-9.747463480765818,-20.303570161384418,0.2766802892013047
2001-05-02,-3.6089929170520962,-9.056356151030489,-20.23476727799524,0.9033533274723587
2001-05-03,-4.55180689888108,-11.240911929104481,-20.54089323097633,1.2369492932963158
2001-05-04,-3.4156425430268804,-13.189363287883612,-19.639497423855083,2.505236057994411
2001-05-05,-4.993072927098371,-14.853751951954132,-20.795973516560533,2.4878342761213905
2001-05-06,-5.121115948966313,-14.369247646106796,-20.9824346805894,2.0653740777669016
2001-05-07,-4.823496551692105,-15.329403850166814,-19.80823465572196,0.8908292346385787
2001-05-08,-4.841851066858553,-13.766041606143295,-19.468834224250255,-0.27799899015275065
2001-05-09,-5.01898622059132,-13.141788097436724,-19.416438748759475,-2.015063064247687
2001-05-10,-2.360928650867468,-12.68755547405144,-18.082217706696188,-1.9614160354586734
2001-05-11,-0.7878407739280595,-14.620295092695416,-18.093895758603367,-1.370275991939935
2001-05-12,-1.7784844987955677,-14.711147419330397,-18.788228484217875,-2.9163151867315373
2001-05-13,-2.7722601504817037,-13.828812104018043,-18.473035292510904,-3.5847905877099624
2001-05-14,-1.809750739962113,-15.786557206645329,-17.852592932192852,-3.683200012079715
2001-05-15,-1.764594327490446,-13.272092025973038,-17.7071151815243,-2.647315013737028
2001-05-16,-2.0449949290980136,-13.35226956100744,-18.63904777555431,-4.684274826873581
2001-05-17,-1.6574400468743429,-13.763236434140033,-17.472112630959042,-5.499530588554866
2001-05-18,-2.873071590419677,-13.72398333603797,-18.13342732079185,-6.619632416327631
2001-05-19,-1.7370763547950565,-13.303086949680184,-16.651839952812225,-6.257837656992478
2001-05-20,-1.7648085316140942,-13.747789110693269,-16.883456768489804,-6.633657753628765
2001-05-21,-0.1261300900012281,-13.150307199750078,-16.82445708504174,-6.175668580510843
2001-05-22,-0.5269429160190531,-13.667665271377492,-16.878492770563415,-7.142781754904562
2001-05-23,0.34289959918960755,-12.809912595538693,-16.59301738502371,-6.507419602683267
2001-05-24,0.9736648636080377,-13.521562005057048,-16.87977204300129,-6.772732936102275
2001-05-25,1.765478657702803,-12.863079712393906,-17.292203731209973,-8.341286359413925
2001-05-26,0.5384145185915559,-14.011292538580241,-15.3081815800592,-9.026001158342908
2001-05-27,0.7886281147693293,-13.584496358227932,-15.819404559329183,-11.63663168313148
2001-05-28,-1.4659567623353955,-12.563851936162152,-13.720467426913677,-12.176839221866201
2001-05-29,-0.7566231535945552,-12.313131189492678,-13.874557343973104,-13.160156248416028
2001-05-30,-1.3090884770453697,-9.474266553212091,-14.148158522652455,-14.735459129857734
2001-05-31,-1.244545049640039,-9.480895493228989,-12.561875020204026,-13.352010596714592
2001-06-01,-0.14871769945197233,-9.070669789708381,-11.28168964181769,-15.0708687817278
2001-06-02,-0.8405937705244403,-8.951982264250079,-11.674721201390991,-15.142101113023955
2001-06-03,-1.493742206291702,-7.6775230761240145,-11.393120425091462,-14.256172318090876
2001-06-04,-1.746826472702169,-6.703388440071336,-11.516712116022946,-14.118336696655607
2001-06-05,-2.7223418131532693,-7.845898278438147,-11.983249939754133,-14.889099978294825
2001-06-06,-1.6112370583460907,-8.905277927454726,-12.478500951844069,-15.204067071446389
2001-06-07,-1.960763989991765,-10.186643223609362,-11.749051278123424,-14.761433003386127
2001-06-08,-2.4108152783888745,-8.73912678938844,-11.543978556661619,-14.689667542015767
2001-06-09,-1.6823667764222952,-8.753169028989621,-12.063157254091802,-13.977121945648758
2001-06-10,-1.6781646375445627,-9.064433276747385,-11.470339594555242,-14.923014249964213
2001-06-11,-1.9634628600940043,-8.771378737573501,-11.185329612269609,-15.148706470744996
2001-06-12,-2.313678223088982,-8.616631739037855,-11.209527771699475,-16.047447204890666
2001-06-13,-1.3729813475819588,-8.029498255183345,-11.13168839705694,-17.16167090857764
2001-06-14,-0.8086615595281144,-8.828950498813139,-10.702559241427965,-18.505766743631064
2001-06-15,-0.17304825983047467,-8.859796780597062,-10.574272002212888,-17.35734857541297
2001-06-16,-0.9593474044797168,-7.6809355779182775,-9.265336288051405,-17.441342372771725
2001-06-17,0.6139579929152525,-8.461775945425206,-8.90032600671405,-18.45006177635961
2001-06-18,0.758015744931442,-8.996402282472062,-9.101906602808137,-18.442658411679588
2001-06-19,-1.4047311907842641,-9.349843392067449,-8.643525420918884,-17.891024969427235
2001-06-20,-1.2252559202885256,-9.734589443222694,-8.54007596787789,-17.7168536281668
2001-06-21,-0.7728079651076822,-9.394437787274958,-8.695524847518968,-19.950415905642533
2001-06-22,-0.35951074203134853,-8.04617980386455,-8.70665304904157,-19.954445972767534
2001-06-23,-0.8314034685139027,-7.163207671882798,-8.342646589930283,-20.208037431097033
2001-06-24,-0.4852345706202733,-7.478998174744499,-9.698190418866949,-20.105384678186102
2001-06-25,-1.5189708641047912,-8.041175552610746,-8.99371608406816,-20.229265815647672
2001-06-26,-0.900848016858332,-7.1531168378198435,-10.757319752686621,-19.098236953602296
2001-06-27,0.8367231698361658,-7.03758886521668,-10.89684973045666,-20.894348731587556
2001-06-28,1.98345515935406,-5.7155239059616925,-8.908609329947112,-22.39182498509564
2001-06-29,1.1499870936206384,-5.825183873266156,-8.273338328240065,-20.929321788450775
2001-06-30,0.932453807164489,-6.7163537001326885,-7.90530789002533,-20.370529819880254
2001-07-01,1.6927497203906299,-5.792124059426216,-9.671360007956519,-21.50365765383104
2001-07-02,0.14836436636391737,-7.1415977630539995,-8.72308477670819,-20.156636252073486
2001-07-03,0.4401122649879192,-7.49318214812858,-9.21568751398247,-20.416064476776647
2001-07-04,0.6329872210990448,-6.397841754967194,-8.437246962714823,-22.9229581801884
2001-07-05,1.497131846227448,-7.071385634564213,-8.90970909638855,-22.8895838554236
2001-07-06,2.1641018426689147,-7.388705408134915,-9.21388431377469,-23.448171450523034
2001-07-07,1.769427292461125,-7.408353287714928,-7.901820948616836,-22.530810171071927
2001-07-08,0.4358665940032094,-7.371391780554653,-8.45560411193682,-22.184898986927532
2001-07-09,-0.16327462162466133,-9.209033015647577,-8.769829081369338,-23.178535306382123
2001-07-10,0.27794290186534976,-8.265297784645302,-7.221421881975574,-23.589677200232916
2001-07-11,-1.4204455751266791,-7.906924304755331,-7.23829937814674,-22.92053820076829
2001-07-12,-2.938579855598884,-7.777626932581445,-7.285986838386532,-20.863021508041612
2001-07-13,-2.238402504508097,-7.598752134157137,-7.62456866866259,-21.494189630153713
2001-07-14,-4.354854961133631,-7.306528384833859,-8.937193933768873,-21.289674404628744
2001-07-15,-3.5752018597331565,-8.464050340281698,-8.430914924789484,-22.84309948499054
2001-07-16,-4.608502807116163,-8.750837763212896,-9.667210336026054,-23.461473596687007
2001-07-17,-4.225508008172816,-8.176844846890273,-8.809058284955938,-24.116900878007975
2001-07-18,-5.314256004389385,-9.416772373918118,-8.155172223099719,-22.86917153077337
2001-07-19,-5.999616371832193,-8.823779570076399,-6.1058254617547005,-21.592633234066454
2001-07-20,-6.759787518555903,-9.183620027615794,-6.227866224029152,-22.891570969855515
2001-07-21,-6.251461527240122,-9.07575911321261,-5.626021290346164,-22.711773195892363
2001-07-22,-6.077067074139388,-8.279333643575821,-5.296317818492177,-22.734252659099393
2001-07-23,-7.594187430239915,-7.446098260526944,-5.32658104484331,-21.024282159582956
2001-07-24,-6.3048165083111085,-7.220309748388434,-7.220718618690831,-21.28753881868679
2001-07-25,-5.42715381556782,-6.804111224505355,-7.476991585235188,-21.832098044014074
2001-07-26,-5.5147349761527895,-7.250339148192834,-9.811617493610385,-20.359881994194698
2001-07-27,-5.311376926554718,-7.695750200764599,-10.052803581859884,-20.046447880684774
2001-07-28,-4.655029851348046,-6.986955781806004,-8.381417423033291,-17.89351390829811
2001-07-29,-5.426369186221445,-6.85717206349566,-6.861634705587148,-16.693607919240286
2001-07-30,-6.036340691206095,-8.432195399507572,-6.173689646432496,-14.876239813845153
2001-07-31,-7.028745199866378,-7.217121800700195,-5.288593718230711,-14.32227146081192
2001-08-01,-7.759735294710335,-8.104256604001455,-6.1254784468718455,-14.442410793778343
2001-08-02,-6.842347207595,-6.725948665538313,-7.788980962012314,-15.511041224744293
2001-08-03,-6.065750031497439,-5.188492108493066,-10.273451818807207,-15.28426328015419
2001-08-04,-6.38875922847226,-4.274677985098627,-10.979334456688727,-16.546945592440114
2001-08-05,-5.821682776931042,-4.718616629969101,-13.649976507283151,-16.09539342182337
2001-08-06,-5.645628061457022,-5.260436708021173,-13.058733825544465,-16.751574408525318
2001-08-07,-3.9985070427584746,-4.5912026216252,-14.257526315416882,-17.882875324405997
2001-08-08,-4.765104775594462,-3.199852252108313,-13.558184664167625,-17.587016147785082
2001-08-09,-5.701591908047573,-5.060002070120964,-13.630248209483145,-16.87208561316971
2001-08-10,-7.399185032845082,-5.177385433732104,-14.726172046437952,-18.644612992176747
2001-08-11,-8.231868423387848,-6.721584302395272,-15.391239693349132,-16.87755104520896
2001-08-12,-8.52113651042274,-6.761203002396438,-14.0113752097912,-15.884210066225355
2001-08-13,-8.829299361889882,-7.830395323479234,-14.901466154081659,-16.13336370397499
2001-08-14,-7.921774227915966,-6.237557129966767,-15.427713667084914,-13.476081474233675
2001-08-15,-8.44857854039488,-6.171504035940229,-15.373383345318317,-12.380069420354321
2001-08-16,-8.422386354845598,-6.2388848404493675,-15.186766650694194,-11.967230837415453
2001-08-17,-9.957477995170786,-4.567619664906791,-15.836521828784905,-13.138126493402265
2001-08-18,-10.06561925519651,-5.363587626213551,-14.38404393072756,-14.14113250711561
2001-08-19,-9.739377014885742,-6.014794670481807,-17.34310872611564,-13.252550098085061
2001-08-20,-10.332951440299771,-6.190793519064133,-18.053335493653034,-12.723988300982889
2001-08-21,-11.12125436047862,-3.8844611877945847,-21.310730923834946,-14.190525612026086
2001-08-22,-11.710497399015654,-3.7266145858271083,-21.74712774945909,-14.272332435666552
2001-08-23,-14.63368321657784,-3.304276892055481,-21.028881501434725,-14.706373713470462
2001-08-24,-13.46803350662044,-4.644200013863054,-20.07516535216646,-15.553603480954749
2001-08-25,-13.114038004746451,-6.375883042718351,-19.68986541882491,-15.219802967146956
2001-08-26,-15.03576263882282,-4.613519565359415,-18.207554542180905,-14.581401716087944
2001-08-27,-13.81245585339185,-3.3959759754501295,-18.227914671935608,-15.662446619785594
2001-08-28,-12.581317934488183,-3.575155075546517,-19.719469700266803,-15.789034424783466
2001-08-29,-12.979309446047669,-4.52873580092024,-20.142086648178857,-15.863189032501836
2001-08-30,-11.942758827302042,-7.687540167687144,-20.408940560907546,-15.857613547169976
2001-08-31,-12.266451136086282,-9.871351559643296,-19.68658486683969,-15.306029561728579
2001-09-01,-11.600091926034079,-8.565483959136268,-20.66635359771294,-15.462921873868279
2001-09-02,-11.923870859682937,-8.686113524788801,-21.573927929009518,-15.957732263162239
2001-09-03,-11.6821046399045,-8.546080777961018,-21.09164131611832,-16.61538909112867
2001-09-04,-12.070495653113587,-7.256011713550202,-21.719542673168373,-16.939075506390935
2001-09-05,-10.584621917089619,-8.110449656245432,-21.34191937283283,-17.23082648433831
2001-09-06,-11.180214556463719,-7.892078620197871,-22.50169261775289,-16.973224165993017
2001-09-07,-12.395842305245251,-8.859890967720164,-21.970792048182094,-14.86958469683892
2001-09-08,-11.92995763899721,-7.866336002463119,-22.35467384112526,-15.908073902642753
2001-09-09,-11.940089538158999,-7.542323004619531,-23.254908042343587,-15.460864973782781
2001-09-10,-12.525205816404682,-6.686936652503049,-24.419804447933657,-15.862512581284507
2001-09-11,-13.594793821225096,-7.235231520969425,-24.457298198094232,-16.21942064976938
2001-09-12,-14.753416029884795,-7.89715397693333,-23.52159020827583,-15.557236376377459
2001-09-13,-15.07937122581082,-7.614397501194952,-25.308805152836964,-14.795772151102602
2001-09-14,-16.321905805854524,-7.3231729855140895,-26.313347840822107,-15.139766895061191
2001-09-15,-15.81330944046778,-6.3421547320256355,-26.13315312888841,-15.314840542164957
2001-09-16,-15.960095973491297,-8.467724228080554,-26.773793744317263,-16.027212064125134
2001-09-17,-16.26298393856516,-6.95884007157464,-25.988998169076137,-16.52725584326398
2001-09-18,-14.166585502120459,-6.5782807932090925,-24.27779093067896,-16.325308413746267
2001-09-19,-14.808004438238596,-6.297305448547844,-22.15871849049952,-14.442710098115407
2001-09-20,-14.844428804732987,-5.6649875125610665,-22.59586710617275,-14.346757329456501
2001-09-21,-17.255755880094377,-3.4945685439248346,-20.808142874077877,-13.264751013246002
2001-09-22,-17.13821124218672,-3.341741584901669,-21.782244350885698,-13.470452785899216
2001-09-23,-16.651757925651534,-2.7019346457036804,-21.82537514032582,-13.965800746843943
2001-09-24,-16.143497389039585,-2.6851272209487744,-24.197510229655553,-15.208100352157583
2001-09-25,-16.90358952898419,-2.557238967866337,-23.175733516496123,-15.242236479437375
2001-09-26,-16.34275231935968,-0.9066724969993252,-23.06367809347899,-15.296552198150371
2001-09-27,-15.745364824609497,-0.554329660350136,-21.75591327499582,-15.945924958727716
2001-09-28,-16.444826793385467,-0.21258927977133074,-22.541598808541483,-15.72890970443541
2001-09-29,-17.887708289026726,1.5656416950600327,-22.885355697656163,-15.182627505938665
2001-09-30,-18.417365243815418,1.353962413988112,-23.55711793283799,-14.141274864177383
2001-10-01,-19.47145573441309,2.754123144385142,-24.715834109579347,-14.66267523764455
2001-10-02,-18.89015432181043,3.6561572703876157,-23.954499188337603,-15.421208870554345
2001-10-03,-19.602195087380284,3.492559635065186,-24.931592485252374,-15.972196034011368
2001-10-04,-19.652849499071134,2.3588363205029808,-25.162965722993327,-15.388857592108605
2001-10-05,-20.079799787980583,1.8203728246754,-24.264766281932445,-16.289887133449064
2001-10-06,-18.88171301889679,1.4854470674091742,-25.570853730537607,-16.964874088320325
2001-10-07,-16.709545691054974,1.254973571709791,-26.564209306202443,-17.612397381892954
2001-10-08,-15.170492331751346,1.572640193849518,-26.67832951729515,-17.88190215431254
2001-10-09,-14.971527912874805,1.740788325197859,-24.4268764812436,-19.064968860078753
2001-10-10,-15.143619622368782,0.5753142309803683,-24.374069759252308,-21.281709798930414
2001-10-11,-15.507722542577934,0.05473311064394626,-22.40415725054854,-23.039396389540922
2001-10-12,-16.91972418314724,0.9225804279563761,-22.654479824537262,-23.0460244345717
2001-10-13,-17.292317689587787,0.8244553152814547,-20.788290071819695,-23.857554463152564
2001-10-14,-14.97398214921529,2.055686294536036,-20.148528134438084,-22.605556685952063
2001-10-15,-14.70226650608696,2.9521383203146536,-19.60213100821224,-21.342586937737984
2001-10-16,-12.4894419501268,1.4440428860142527,-18.82947000661581,-20.3092854439938
2001-10-17,-11.405361755639989,1.6927824690146676,-18.84960262838066,-19.86907762669062
2001-10-18,-11.737875861837852,0.6100378140845764,-20.88139260309019,-20.671335615185622
2001-10-19,-13.030804130383762,-0.7906418651407594,-22.045110616955494,-20.175474748602245
2001-10-20,-12.529158206913985,0.58260232374282,-21.763227370456303,-19.295280379682836
2001-10-21,-11.044227417649225,0.46717902914459797,-20.074333344174057,-19.268491976834873
2001-10-22,-11.019131777790099,-0.4877457322715487,-19.008688182644253,-19.443911536322894
2001-10-23,-9.526033644927166,-0.9927735053163852,-18.71852802826456,-18.500691617419506
2001-10-24,-10.201680750978008,-1.1517639841791543,-19.68114575421278,-19.539980697613924
2001-10-25,-8.706520006321506,-0.631310309522879,-18.16909871016598,-19.827460738081932
2001-10-26,-9.01719260033109,-1.7116348437302142,-18.354503557435816,-21.232659089659055
2001-10-27,-8.275648582022809,-1.3029113312787557,-18.62534933308894,-21.062931239181665
2001-10-28,-9.896426443334699,-2.520664970474389,-18.01252185582879,-21.241115310962524
2001-10-29,-10.99253254386542,-3.458958197320544,-17.967225940978494,-20.850680749979595
2001-10-30,-10.4602550775543,-5.012533788696658,-17.37270335520816,-21.41339276137266
2001-10-31,-11.999276582057893,-4.565588726014977,-18.534057330618875,-22.48682694092868
2001-11-01,-10.829198885517709,-4.125264768935574,-17.44933097143379,-20.582463245788485
2001-11-02,-11.29253432565202,-2.9692395650877486,-18.020903899370335,-21.16147310232056
2001-11-03,-11.180527998759436,-3.576302082115493,-19.68622145118887,-19.51338124612391
2001-11-04,-10.705014668671874,-2.0933395850999235,-17.929283083708654,-19.933028559415106
2001-11-05,-10.993211280359647,-1.4209639077052345,-15.73228827184623,-19.39720876471952
2001-11-06,-9.578301962003906,-2.674611185496272,-15.69586870460447,-20.293865073786417
2001-11-07,-8.296921576601175,-2.3234556097160914,-15.132221413158778,-20.05899264958017
2001-11-08,-7.107207293560931,-1.7989236526421428,-17.644860490204252,-21.535944437847263
2001-11-09,-6.455211672055927,-1.3974488654209396,-15.480862256579943,-21.59070347503496
2001-11-10,-4.989841595174969,-1.8406043985677023,-14.454624864280277,-20.80759371036762
2001-11-11,-4.995983148337806,-2.7835259442871103,-15.552688019714251,-21.203507535014054
2001-11-12,-5.495479638983986,-2.8121796669206898,-15.421245414669302,-18.96686310378823
2001-11-13,-5.91128922825075,-2.5034211419142545,-15.447494569146604,-18.67292873919474
2001-11-14,-3.4565778799237528,-3.412845347410812,-15.26184769178161,-18.045305853186424
2001-11-15,-2.0964537852927094,-2.9936138359262308,-15.73332232640607,-18.42944191395949
2001-11-16,-1.6801718674461106,-4.246265240698817,-15.981341723450159,-19.647527941962405
2001-11-17,-2.488654366726019,-3.4186339302768567,-13.508068580709566,-19.88286818477137
2001-11-18,-1.1692091919100003,-3.8877196060266077,-12.108185777700996,-21.47124013471759
2001-11-19,-1.872559014516051,-4.136096653476454,-12.8661415545354,-21.504845940794567
2001-11-20,-0.25329325979085193,-3.5155426952259194,-12.679003361140856,-19.152334517611095
2001-11-21,0.04189984457316798,-4.209031632249201,-12.8346910530774,-20.48572689109642
2001-11-22,-0.3970408901432933,-4.898076958987535,-12.479953198890904,-21.07845146810512
2001-11-23,0.6332609286972426,-5.039907062608179,-12.499816283782526,-20.78726639949805
2001-11-24,-0.36083013864012436,-4.591024533000468,-12.887664337052714,-20.706755971558255
2001-11-25,-0.5140018420070203,-3.9677706382570586,-12.173461512852407,-21.289473453169816
2001-11-26,-1.3733687120352114,-4.370119402119819,-11.332868826250575,-21.1528609806811
2001-11-27,-0.5933922582541359,-3.377566294796829,-11.060847787205123,-20.959854433995417
2001-11-28,0.08446849717089489,-3.7077392992815827,-11.376607865147296,-20.023841995982412
2001-11-29,0.397942587860797,-3.6701102754809294,-10.155992362040486,-21.976964044113
2001-11-30,0.48229269638731903,-5.120489444607994,-11.305731423300271,-23.63625232574353
2001-12-01,0.5194601219211131,-6.640568692921771,-11.952151957773385,-24.20898272530451
2001-12-02,0.29323900028614613,-5.509650715170725,-13.558678151108296,-23.61816944427462
2001-12-03,0.7250717051298894,-3.719831884725509,-14.107040372925692,-23.142377379398994
2001-12-04,1.1472889885502857,-3.595102955904724,-14.229430260236953,-24.661326026656752
2001-12-05,3.111979311326854,-2.7596581518489423,-11.858997707675943,-24.274301580569887
2001-12-06,1.8311944433981624,-2.5983879011037514,-12.391560121702723,-22.197141572436408
2001-12-07,2.678286239929184,-2.7573011037619435,-13.49144646765587,-21.92201421860393
2001-12-08,0.4777531316302337,-2.378748021085479,-14.1501252858951,-20.999232672761398
2001-12-09,-0.04120816427380447,-3.7203973052331634,-13.68202884144856,-21.81790287230061
2001-12-10,-0.5249036962961284,-2.9693034839116885,-14.213091748001835,-21.36240709901038
2001-12-11,-1.3544342525892095,-3.052362923622241,-15.623893673635287,-22.547872357781557
2001-12-12,-2.0419790811961565,-2.511483877991173,-16.220818359613176,-22.986982779021453
2001-12-13,-2.7926266596510327,-2.717304201731325,-16.707359036033967,-22.345566700104854
2001-12-14,-2.1376756412112563,-2.9527108400683004,-17.542562302012385,-21.584379967271165
2001-12-15,-1.1933180487688122,-4.086618074821753,-16.635645699277923,-20.052164812562836
2001-12-16,-1.0135871942343826,-4.3562987446499015,-17.122757908150717,-18.275849287464577
2001-12-17,-1.8010616671485047,-5.380841821430259,-16.132007686237003,-18.52782384745774
2001-12-18,-0.8189396915541152,-5.156621142258022,-15.244975422405119,-18.297897773434105
2001-12-19,0.45821155580650696,-4.429280944712111,-14.274543309788964,-16.97850989337871
2001-12-20,-0.26185543600559147,-4.699605199593713,-13.936059649826175,-15.66640582733502
2001-12-21,-1.7118030925438887,-4.939908290883895,-12.870783069319595,-15.851298981998882
2001-12-22,-0.7997529043198225,-4.76716899564133,-12.270538422588052,-14.93719172047637
2001-12-23,0.4713660319202849,-5.072959568610884,-12.075397631483312,-14.864608811776133
2001-12-24,1.2967735229829311,-6.011187300532411,-10.489468750121201,-14.923472447339243
2001-12-25,2.4937340585127825,-5.117067983588186,-10.601351485733003,-15.812416211089698
2001-12-26,2.043242685928192,-4.922326849926886,-10.846069563949005,-14.659231561304079
2001-12-27,1.1239999238026255,-6.393376189839807,-10.534324191550382,-13.729353313797274
2001-12-28,-0.6199937885728652,-7.211217469258775,-10.305686091132886,-13.332979050131529
2001-12-29,-0.39259875007451217,-6.940176566882094,-8.68307938800884,-12.754577877534018
2001-12-30,-0.13707938448914225,-7.904679676184661,-7.483118238227458,-13.92900029184385
2001-12-31,-1.5796584463889127,-8.923043736520293,-8.341684990846398,-14.244534999039601
2002-01-01,-2.351301078622284,-8.32976989073049,-7.735997295025065,-14.081335541401728
2002-01-02,-3.540960411131814,-7.399189789580134,-8.219311714516436,-14.470386826018785
2002-01-03,-2.368505041590641,-7.828331286650078,-7.659091068057648,-13.376188336797988
2002-01-04,-3.695260819974604,-7.3885335401369225,-7.650903662337315,-14.052269692471906
2002-01-05,-3.2789244563849818,-8.566659995061846,-4.950025885050234,-14.702904880309045
2002-01-06,-4.750422612452521,-9.248032451366857,-4.929352939670727,-13.881109759957292
2002-01-07,-3.7471255214110712,-10.066666946598154,-4.774768497767197,-14.309285537190242
2002-01-08,-2.7922057783596994,-10.540530319316238,-6.990520972494512,-13.511456535332917
2002-01-09,-4.032184740190144,-10.286321429415834,-7.846159975100215,-12.900336952823764
2002-01-10,-4.722963180797717,-10.132142589145118,-8.799432434439613,-12.948761645814752
2002-01-11,-3.4909355716744166,-10.691584165472795,-10.77819755160099,-11.673008646060588
2002-01-12,-3.61229612662474,-10.950135566951806,-9.748478619914772,-12.094836508666122
2002-01-13,-1.6940714552003802,-10.392908015199144,-10.45994859051536,-12.431936201031993
2002-01-14,-2.8984052800295674,-9.178296967903458,-8.338253617547302,-11.84496273295082
2002-01-15,-2.1901142625919032,-9.432487672352405,-7.515530774225825,-12.466915041353678
2002-01-16,-1.0860897185698788,-8.782761360652838,-7.360669012617937,-11.180494793236027
2002-01-17,-1.2091602819930638,-9.374803526244039,-9.24767973793715,-11.963254828107518
2002-01-18,-1.289088784603583,-9.740357640556557,-9.51267481879541,-12.473448380472282
2002-01-19,-1.0876049157860497,-9.761129798487842,-9.712563244938863,-12.302297995949646
2002-01-20,-0.9329848466598252,-8.518228575774671,-9.533728140427328,-13.075540113149318
2002-01-21,-0.41441115299129927,-8.282122412821204,-9.05387784440106,-13.646038177404378
2002-01-22,-0.3418148003932195,-6.366535958528834,-10.423563079223063,-13.371493046212692
2002-01-23,-1.4418408938406357,-6.412707266370708,-10.748240656828337,-14.177572993491681
2002-01-24,-1.8914668917339386,-7.6236014297667225,-11.01523191070761,-13.492026515360363
2002-01-25,-1.1110631862196998,-10.123211505830433,-11.978662488640374,-13.365703470365899
2002-01-26,-2.394931891035415,-11.241962611157398,-12.372514287734496,-12.062092646404754
2002-01-27,-2.3476190690282133,-11.247473151941703,-11.637359005558961,-11.936418272199337
2002-01-28,-0.13210129953190197,-12.456247906119323,-10.81680441139287,-13.213419545326813
2002-01-29,-1.463019881380937,-11.613765921863973,-9.98204679732688,-12.412367328413872
2002-01-30,0.5877492644597064,-12.844744392119503,-10.262081458226188,-12.26337485698741
2002-01-31,1.0986949919737072,-14.98841306465552,-8.869475915947936,-13.098239291028824
2002-02-01,1.612855227147291,-14.958535562163284,-10.074562521166458,-12.957679564260038
2002-02-02,0.9171025080606905,-12.935680825806742,-10.00026827523759,-12.169990857886164
2002-02-03,0.9248851619502834,-12.133608671289197,-8.593351019376744,-12.662609109976724
2002-02-04,2.1620150943775016,-12.43308607410045,-8.312297207302345,-12.677660419101253
2002-02-05,1.7797323257639879,-13.680543602251229,-9.258201275755491,-13.22642136556449
2002-02-06,1.918841624026369,-13.187864065599259,-9.064295557131805,-12.750739543896152
2002-02-07,1.7206804542467695,-11.40884493063543,-8.799116670639556,-11.188589487872662
2002-02-08,1.1494413482167434,-11.013733745573209,-8.010550700788627,-11.030263353462106
2002-02-09,2.2102523964544063,-9.263646778065578,-9.607335378328234,-10.0017460482364
2002-02-10,2.4153236933458566,-10.400331701285705,-9.685063397778217,-11.327066060172898
2002-02-11,1.2767616709830514,-9.790234890055064,-10.511324682120385,-12.367840070018636
2002-02-12,0.7084218939845467,-10.83419933169876,-8.538985112759386,-12.292271904018836
2002-02-13,1.1710491288268905,-9.993803198758757,-9.292156893744755,-12.41228624186235
2002-02-14,1.178645048144171,-11.39654276645356,-10.27427502254108,-11.32739962299437
2002-02-15,0.032808768342751815,-12.235268497558751,-10.017088931865723,-12.959176312902265
2002-02-16,0.6946568516597832,-12.29588094560343,-9.917528582422536,-12.382843810687623
2002-02-17,1.6943601721028099,-12.646290310016331,-10.763076538300123,-12.995234460350497
2002-02-18,1.2630603800544542,-13.371251869867523,-9.698793793192984,-13.46386837023686
2002-02-19,0.4826034538083832,-12.972188223145066,-9.857684468942017,-13.616801604054508
2002-02-20,-1.155777713273326,-15.05801336743834,-9.547143601535883,-13.578718687408099
2002-02-21,-0.3703333381326541,-16.15274173240643,-10.392119446175005,-11.534620974999205
2002-02-22,-1.4326088247398494,-14.28019240641319,-8.02744382248833,-10.767977841716409
2002-02-23,-2.0907921714321613,-15.207011265858956,-7.411915550402834,-10.385639403149638
2002-02-24,-0.7652270396257606,-15.821831258921511,-8.206485612754362,-10.421941681832667
2002-02-25,-1.7053828034200194,-15.230214497588861,-8.508471996857503,-10.415493418009108
2002-02-26,-0.7535107673719561,-14.752888985433549,-8.4926891043285,-10.619990339699985
2002-02-27,-0.4928881156084108,-15.23229487998545,-7.295380830848703,-10.668699171998963
2002-02-28,-0.9823534903148963,-14.393623272301118,-6.40622247962183,-9.82853377024784
2002-03-01,-1.7978936002965702,-14.836220677601586,-7.03749479857583,-11.10703186297589
2002-03-02,-1.469697905873144,-15.404002784079836,-5.408900959064811,-10.60120245694263
2002-03-03,-2.366042686082858,-15.566111154676166,-4.99569636639071,-10.248338735339598
2002-03-04,-2.273490502904788,-14.145168721666318,-5.641997577734573,-10.608879753775504
2002-03-05,-0.5286063771901668,-15.455581749634964,-5.875057475643523,-10.606389361370365
2002-03-06,0.24468051485755593,-15.343566871532087,-6.220908238474633,-11.347852497914982
2002-03-07,-1.0422112712140081,-16.669427889585734,-6.336199596399366,-10.60840646164242
2002-03-08,-2.451419998872705,-14.518947415149551,-6.23622613739966,-10.688739183496546
2002-03-09,-2.874957257363945,-14.046750186183914,-6.831072258789948,-12.308910158162119
2002-03-10,-3.6872910871068862,-13.463312069328095,-4.307304438533382,-12.927283691381364
2002-03-11,-3.563325453467554,-14.083495494231437,-2.7205552714906105,-14.693976816537521
2002-03-12,-3.3981470424250495,-14.548964532135576,-3.053186695405969,-17.15331202673859
2002-03-13,-4.834891536717018,-12.383384940783388,-4.046108199188514,-18.300004372601773
2002-03-14,-6.459052618265355,-11.659108078093913,-4.032338806925965,-16.310867779031128
2002-03-15,-5.555861265454739,-12.23888169622132,-3.450967997763524,-15.836648396781683
2002-03-16,-5.581918705679795,-13.362010243693149,-3.2215073116681467,-17.631977426682074
2002-03-17,-6.437138348896952,-13.673386680876375,-3.1026620167517116,-16.693413365535754
2002-03-18,-5.372488248533353,-14.03159941020518,-2.8888181683328717,-15.698862840861235
2002-03-19,-6.470050036413429,-14.478653691590711,-2.858642920091597,-16.719965455515904
2002-03-20,-6.003904059559706,-15.67695167240505,-1.935201562550143,-16.324111852164652
2002-03-21,-5.485293562718557,-14.427418501639755,-1.0865586925762907,-17.35795545674378
2002-03-22,-5.187838141305136,-14.41148481125953,-1.5551393753947933,-17.28129427955985
2002-03-23,-3.6649063116313516,-14.04491086554963,-1.9942942353583382,-17.736656678834255
2002-03-24,-0.8960024941494309,-13.144052794724265,-2.57711675141692,-19.369046887138467
2002-03-25,-0.3748434720561399,-14.948303986007348,-4.458398695556002,-20.920464386337756
2002-03-26,-0.7849904825393756,-13.66963816875717,-4.274666783885509,-20.414299440435627
2002-03-27,0.00042726497667566754,-15.254102254306444,-3.886091065780974,-20.06940540240819
2002-03-28,1.109328886795208,-14.827137650633366,-2.817561150394191,-20.554851395916007
2002-03-29,3.228051288339464,-15.085615680082045,-4.345461077528357,-19.250957780635265
2002-03-30,3.6581213130260655,-14.789615273612544,-3.0949457954968995,-18.550590444784692
2002-03-31,2.6173297548432046,-15.383420950726354,-3.327145983335429,-17.51771373163955
2002-04-01,1.2628038050897765,-14.986374571642857,-3.477298338466522,-16.367483625939386
2002-04-02,1.160281240803453,-14.957882163847085,-3.4496948280422597,-16.07862191905466
2002-04-03,1.7414814323582015,-13.716433973395418,-4.056966528641241,-16.137820752628674
2002-04-04,3.1051909433882057,-13.377284916942708,-5.566329364307807,-15.144448194404891
2002-04-05,3.160627415461219,-14.451922569701425,-4.920762447446349,-15.023736216320005
2002-04-06,2.635003451403162,-14.348508836866202,-5.454226589482568,-16.74566346592453
2002-04-07,1.6626730099074472,-15.332501813919565,-5.631748555244123,-17.45808195045709
2002-04-08,0.26068794552093655,-13.489425792870982,-7.115880112178745,-17.979562975157407
2002-04-09,1.3404489030146882,-12.425727490730699,-7.474410146447364,-17.423734374657265
2002-04-10,-0.1986513821215239,-11.84590665418213,-7.806039740781996,-17.171269004008664
2002-04-11,0.4978395141397417,-13.519024218944969,-7.235628052255539,-16.264706847991953
2002-04-12,0.8279951824230475,-14.230232088055173,-8.58814197215994,-15.915081874228544
2002-04-13,2.1310390871937988,-14.23884559176403,-8.381509037310497,-15.837386658919314
2002-04-14,0.10764037296279794,-14.369629557103396,-8.642508145725836,-17.043467919186842
2002-04-15,0.5631540614622114,-14.444699121249107,-9.444857901262742,-16.938745201007094
2002-04-16,1.5638738470229794,-17.366026309102516,-9.79849177113134,-19.452964367915964
2002-04-17,3.209351918361432,-17.449464562493947,-10.650487384549061,-21.857326634048494
2002-04-18,2.6583561929676707,-16.917020051301073,-10.683577392956908,-20.15500118768748
2002-04-19,2.3086289230247807,-16.605614639035675,-10.094483752026411,-21.30239399392369
2002-04-20,2.0292259387862526,-15.15105126311265,-10.955102775161361,-20.680350475060795
2002-04-21,1.511564070803617,-15.18898265456434,-10.361343559216095,-21.49034728561828
2002-04-22,3.236789052687091,-15.562984190495424,-10.339073831382265,-20.47892886991966
2002-04-23,2.423513019378812,-14.71354433959571,-9.718525807835022,-20.137652813541965
2002-04-24,2.239693653060491,-15.159943201643541,-8.753584961082064,-18.9974823446333
2002-04-25,2.2878906926712688,-15.373470031904617,-8.363777468568575,-18.427581434028603
2002-04-26,1.1824387422966491,-16.176194308993377,-9.798613289656306,-17.702034034408605
2002-04-27,1.8514043337344548,-14.503837849737568,-9.679312954427747,-16.316418883290464
2002-04-28,2.3410361139646856,-13.24958390972193,-9.044676954968434,-15.74617001155843
2002-04-29,1.0915101599510253,-12.291734095407556,-8.64676809040667,-16.1961679156975
2002-04-30,1.1045522097444969,-14.217277410777903,-8.417442385023973,-13.97884288453536
2002-05-01,1.3524026879410358,-13.985513638131092,-7.500457597433021,-15.395205111071991
2002-05-02,2.2572103345561163,-14.441788043768788,-9.487318769074474,-14.882842097019527
2002-05-03,0.8783604513790457,-14.069291171243542,-8.762416258675842,-15.288385947238089
2002-05-04,0.8315361075960318,-12.992104900937155,-9.197207887862643,-15.113875326332538
2002-05-05,2.7402397557187124,-12.417422995213734,-10.555446625115252,-15.137872946412
2002-05-06,3.9074052901083087,-12.78981675767516,-10.35049032337841,-16.659583991961778
2002-05-07,3.469868516950163,-12.883634162674666,-10.270923615893336,-16.13567125234575
2002-05-08,4.578263068779891,-12.472320754041764,-9.621888511646164,-16.853976493796218
2002-05-09,3.5010133958622394,-11.975568046619665,-9.944997919144829,-16.95464524814198
2002-05-10,1.7868763566240873,-11.6275332474439,-9.738268586081192,-17.460216505796037
2002-05-11,0.8318772613852836,-10.814367303349758,-9.455725121133082,-18.539540801743676
2002-05-12,-0.07977089425931294,-11.268833017186475,-10.615169583850632,-18.096777146523575
2002-05-13,-1.3276189098370628,-12.458163941096707,-11.245814099370607,-17.89540320516416
2002-05-14,-1.7611185196403663,-12.336369778759758,-9.98590438051528,-17.137913937170225
2002-05-15,-2.0393335045951773,-13.761468743415303,-8.820424612817934,-17.215793884810896
2002-05-16,-3.9129893377064713,-14.446528569698966,-8.595952923048896,-16.24615708041849
2002-05-17,-4.842626690015457,-13.834779563961845,-7.628674049602307,-17.510221971711715
2002-05-18,-3.326713062531054,-14.36775450534102,-7.933013272510585,-18.191381916767686
2002-05-19,-2.720340604593735,-12.922916111488725,-8.480547065531914,-18.092920067865396
2002-05-20,-1.8109004983719519,-12.245815086684228,-7.513339540147795,-15.89804984698743
2002-05-21,-1.5652401019674151,-13.042919570823807,-7.66076300412432,-14.059290362106905
2002-05-22,1.1845345400384666,-12.720071930265316,-5.855151885309135,-16.46112465313148
2002-05-23,1.4381599157885465,-13.391748325534307,-6.433116328591907,-16.692192150220908
2002-05-24,0.015507373125616342,-14.357257009382081,-6.359474506241418,-14.81771017666691
2002-05-25,0.08674918724793991,-12.842312527544683,-5.401858668305225,-15.14903089837717
2002-05-26,1.1090781652565824,-13.6434372035312,-5.001550738283957,-14.89094916665496
2002-05-27,-0.5814830653465239,-15.15371004678889,-5.188632573496564,-14.625156587202845
2002-05-28,0.21551021393661474,-15.844692988390445,-5.076034977691315,-13.784230323342769
2002-05-29,0.8666301335778047,-15.407112708359259,-5.93636110241728,-13.370708491407726
2002-05-30,0.3738361077988459,-16.51400466782969,-6.61176909310846,-12.470959900262653
2002-05-31,0.032167766219970695,-16.778680895864916,-7.1250492226789675,-14.21541015212347
2002-06-01,-0.5647700568917824,-16.90441986234458,-7.454099889578676,-15.26911162231512
2002-06-02,0.5422610530300012,-15.416633793357931,-7.200181942249916,-13.88715284122049
2002-06-03,0.2077427000766892,-15.375056046121998,-8.095913231026858,-13.150881404346608
2002-06-04,2.919195903069834,-15.431475578015538,-8.313857308696772,-13.995390909820994
2002-06-05,3.0244364492088054,-14.228381486074225,-10.9415711112089,-13.62974146041227
2002-06-06,1.778476205513348,-15.29919594407256,-12.444910662956369,-12.666854406365955
2002-06-07,1.0441107173632787,-15.328716177496437,-11.323291264837987,-12.198713422863259
2002-06-08,-0.3536328833232172,-15.989279960659795,-14.282461815850422,-12.146805323910542
2002-06-09,-1.4343807680023664,-16.81904950141948,-14.671136656005242,-13.60297278160689
2002-06-10,-1.9117055926426705,-16.36018507383968,-15.708959961070518,-14.059330946898893
2002-06-11,-2.0246256302096524,-17.758667746981224,-14.561616885232034,-14.068577038556878
2002-06-12,-0.9703569164033277,-16.594899024113424,-14.547664514570716,-14.121259003611012
2002-06-13,-3.478399047028555,-14.965866564169376,-14.261984242589298,-12.545779896377303
2002-06-14,-2.1620727922938823,-14.991454643869611,-14.138960902335642,-11.95616944621705
2002-06-15,-1.4315030750575035,-15.487228105635664,-11.966339408130912,-12.379750994299236
2002-06-16,-0.4817008886611389,-15.533177947663422,-13.654644255938223,-12.249888275635431
2002-06-17,0.28534877253077495,-17.04188340939077,-12.93545731293864,-13.076967750661025
2002-06-18,-0.08165670251966328,-17.46704766569521,-11.183193836054253,-12.388823511978408
2002-06-19,-1.479534213911784,-17.57786998698371,-10.797198407190661,-14.444537634041149
2002-06-20,0.47557795578085105,-16.821830520117725,-10.758604055535857,-14.324376812848653
2002-06-21,3.0396987051635342,-17.868519431129695,-10.631180190700604,-13.931484911933437
2002-06-22,3.1748860533559693,-16.193272801092718,-11.469149299768011,-16.341273549695764
2002-06-23,5.792365708843055,-14.717230896196584,-11.910944793889055,-16.07226220993253
2002-06-24,6.662496994085493,-14.975995930944954,-11.172071431746994,-15.076442850248052
2002-06-25,7.942801476932674,-13.545909783830819,-9.520378629688247,-13.678140915328626
2002-06-26,7.668035300647988,-12.907975955566982,-9.82210553885209,-11.103376056663594
2002-06-27,8.704123842255544,-14.07380166283105,-9.163463878384658,-11.226494518144333
2002-06-28,8.38794834224941,-14.651589187433428,-8.091764913616418,-12.26785064754049
2002-06-29,7.83164955683218,-13.680374191776334,-8.565307792460711,-12.777169874141967
2002-06-30,7.405391535222585,-13.068792466262316,-6.998907580868576,-13.651896491322226
2002-07-01,4.713364434776119,-13.48677623114571,-6.68520188698314,-13.077895823240382
2002-07-02,5.011874881836694,-14.149430932898946,-4.551149283515086,-13.861627603040828
2002-07-03,3.6822491818813385,-14.478871567893377,-2.671841284008715,-12.261493935296414
2002-07-04,4.424108726641003,-14.939838015491915,-1.9794914379630497,-12.459059670364171
2002-07-05,5.2461639452077256,-14.441841658662028,-1.714658134548763,-12.727950406335367
2002-07-06,5.2497236803808125,-16.050209481661323,-3.882037111019672,-12.253629507753091
2002-07-07,5.533788301928022,-16.904671279106864,-3.4555576381051947,-13.802191518791604
2002-07-08,4.174394304200538,-15.851643163551797,-2.3327363323066725,-13.607625647838482
2002-07-09,3.7329193398248424,-16.132690852650036,-2.805952202053857,-12.706669939656742
2002-07-10,3.6514228046896764,-15.323316809783773,-2.9386154187586366,-12.20763917828345
2002-07-11,4.9993433329260775,-14.686472111205548,-3.998318796470703,-12.43468798631715
2002-07-12,4.234526796504608,-13.735748523967425,-3.3813644948455477,-11.998312546321559
2002-07-13,4.31712355512076,-15.88512657755388,-3.223188194077587,-9.556170120797612
2002-07-14,5.207477439147655,-14.672818773879314,-3.5991853502259077,-8.200690056978653
2002-07-15,4.903803957629033,-15.66300499101783,-3.5196597116861614,-8.074804449227285
2002-07-16,4.086492100410113,-16.18096280144891,-3.736178986169282,-7.845156830894668
2002-07-17,4.123349255407359,-17.05737050205579,-2.905826018628294,-8.381979534912512
2002-07-18,3.740177489769075,-17.288535111518755,-1.9815407010674142,-8.935036378643616
2002-07-19,2.5112474931209707,-17.4462552674077,-2.432885899974202,-11.188590628837591
2002-07-20,2.0086956533163622,-18.018690550922123,-4.135409396565564,-8.890758714061338
2002-07-21,0.7891456397766201,-17.749755551657326,-3.2856512563363607,-9.497860550740302
2002-07-22,1.3066321346013667,-18.340016607993643,-2.471269025532679,-9.928292397847628
2002-07-23,1.4477705589023313,-17.5730865468321,-4.159375211907966,-9.104772698404389
2002-07-24,1.8848100387985096,-18.17343045381611,-4.840021579361889,-9.061068321851424
2002-07-25,1.4739335430162892,-18.473564339387156,-5.335062586255601,-7.535743872008357
2002-07-26,3.836643144657625,-20.169514087579802,-5.261992692068875,-8.259093881196511
2002-07-27,4.291441228745043,-20.463077914375386,-4.165629103497515,-7.674534125314743
2002-07-28,5.11512271926529,-20.71326720753081,-3.51690816068449,-8.937252708829044
2002-07-29,4.840639431249858,-21.187122055155644,-2.1385020016904495,-10.723831487248503
2002-07-30,4.000228296180121,-20.395072015815167,-1.6054114340363754,-10.06492158759721
2002-07-31,4.025437788153617,-20.054372761353314,-3.3724730697879606,-10.827914924084837
2002-08-01,3.77561747584764,-21.249128469696437,-3.3790621556624343,-11.457263294470673
2002-08-02,2.9430113275920533,-19.934967809515612,-3.1980816045076033,-13.213015450474867
2002-08-03,2.44166671857503,-20.519590417218723,-3.238420524719034,-13.136107023190652
2002-08-04,1.3127317994033223,-20.140542106762474,-3.9595982369358995,-14.88065734057977
2002-08-05,0.2285746401904598,-21.567113206519977,-3.427419879742159,-13.932937128639036
2002-08-06,2.2301794980228746,-20.92891114356317,-4.191700358904925,-13.599613117329342
2002-08-07,1.4103939249205015,-19.578184275366564,-6.3796600309561455,-13.200748295726177
2002-08-08,0.43212092927234313,-21.599160143144747,-5.621469753494877,-13.61207913729541
2002-08-09,1.904972305560345,-21.878988051914497,-5.911169268433044,-14.34291032757185
2002-08-10,2.4946035453943605,-22.993483951325313,-5.189609801062221,-13.942132120943885
2002-08-11,2.4097537634877355,-23.740343462233046,-5.079942070361222,-12.185558335605595
2002-08-12,2.8861601296716652,-24.927552181428958,-4.679405817488718,-11.993681138923225
2002-08-13,2.2264757940213658,-25.864987612347594,-3.5233597156667837,-11.016303500511262
2002-08-14,1.7950096795719923,-25.04616631568964,-3.6067991124472645,-11.539814128640863
2002-08-15,0.6164877142467591,-24.714650141496353,-3.5091038888567927,-10.66431284217293
2002-08-16,2.5324700507739912,-25.717499318870523,-2.9111711303016885,-10.393456944686898
2002-08-17,2.8711529363536754,-26.316954268805027,-2.1165727617386016,-10.460364365829458
2002-08-18,5.761962827837953,-26.09513243678856,-0.3123140118416252,-10.72297021640994
2002-08-19,5.04119582272215,-24.867651203100742,-0.6391350585590967,-10.296633125270413
2002-08-20,4.820982494517291,-25.23437256583887,-0.03297810166980064,-12.970659270752419
2002-08-21,5.0545290001383325,-24.502059988570377,1.1951687537992965,-14.151488188900874
2002-08-22,5.267601931276678,-24.141766614863386,-0.22441509682557226,-13.573014439344618
2002-08-23,5.107481468106324,-24.11791879328686,-1.219768340125194,-13.421215293941435
2002-08-24,6.171626366081151,-23.8527903659934,0.014657301082959373,-14.686900706316262
2002-08-25,4.429072772094644,-24.56398232310935,-0.44244770500637864,-15.58063663382395
2002-08-26,2.6162597515996593,-22.586654208336107,0.8430396448096309,-16.467961973790814
2002-08-27,2.870924874381454,-21.2598742590634,1.6692395675674692,-14.65006898198433
2002-08-28,3.132193002465026,-20.274952485267956,2.735990591477332,-15.029918904129923
2002-08-29,4.033483374665675,-21.656793588341213,3.5548802095435192,-13.352877745183182
2002-08-30,3.8444230510611916,-21.416295662482256,4.071178650737162,-12.125074176766582
2002-08-31,3.8111441158648076,-21.48349188103178,4.392861227232826,-11.760826952160937
2002-09-01,2.3501398233924844,-21.13894140258529,3.6011170129189196,-11.068265423788176
2002-09-02,1.8269959021089832,-22.29147249674275,4.655986942395,-10.769967716953905
2002-09-03,1.232632630279747,-21.923447677964013,3.298675091682548,-10.912426402987718
2002-09-04,-0.4426261684983894,-20.961483097303162,2.4221704650212823,-11.711450974122657
2002-09-05,0.5440839252979979,-21.108776938489424,2.6743231419769327,-13.20080621311947
2002-09-06,2.0552389273256173,-21.646503643311007,2.383737104404127,-12.606463185468503
2002-09-07,-0.6608080630955859,-22.17189216209063,1.247501713979024,-11.76796500481348
2002-09-08,-1.2044298375395468,-22.811532827358317,1.5653342547515186,-12.828286000103406
2002-09-09,-2.622823518581905,-23.321243816197125,1.5593445386909546,-13.493058667439781
2002-09-10,-2.189402150254544,-24.07846183934742,1.4751626546330248,-13.312924930665213
2002-09-11,-2.4275771847992456,-21.550198493329404,2.4169183821241145,-13.474323546669291
2002-09-12,-2.5816695758966053,-21.867737309711117,2.310679160485408,-13.630348043288151
2002-09-13,-1.7342155049788457,-21.442485159723244,1.9031466585907304,-13.295749464511628
2002-09-14,-1.6402660090747867,-23.880583329963645,2.697342772234455,-12.739068098854624
2002-09-15,-0.417305231354282,-23.391097960278906,4.420068998503623,-13.9254048819137
2002-09-16,0.19153868597430423,-24.717153438652982,5.412361518012533,-14.506785301772586
2002-09-17,0.048913709827520024,-24.76971096624194,3.3916041231726632,-13.42522784508215
2002-09-18,-1.5427821544044222,-25.427424307305493,4.311830128483621,-14.556395692727964
2002-09-19,-1.5206887984030255,-23.20802471346282,4.159474793205716,-15.46975962789937
2002-09-20,-0.7663855841997597,-24.024181939166667,3.5393445730986666,-14.99023700013696
2002-09-21,-0.4118284782096433,-23.925151037451744,1.942321142735716,-14.806174772762382
2002-09-22,-0.4013015817152494,-24.68256411150261,1.8107003757541893,-15.995803942974767
2002-09-23,-0.2625038100042548,-25.130740537560122,2.162862255204555,-14.223277067044428
2002-09-24,0.10606261394742117,-24.29019350777538,2.247842703019016,-12.577125520001395
2002-09-25,0.11732482048400229,-25.95846684919447,1.8714292266560242,-11.635820403547932
2002-09-26,0.45179906742484904,-25.57511272827905,1.6915495423711007,-11.561466590474328
